{
  "id": "4934137",
  "name": "no name",
  "font_family": "iconfont",
  "css_prefix_text": "icon-",
  "description": "",
  "glyphs": [
    {
      "icon_id": "17102560",
      "name": "home-2-line",
      "font_class": "home-2-line",
      "unicode": "e6b2",
      "unicode_decimal": 59058
    },
    {
      "icon_id": "17102729",
      "name": "bookmark-3-line",
      "font_class": "bookmark-3-line",
      "unicode": "e6c5",
      "unicode_decimal": 59077
    },
    {
      "icon_id": "17102777",
      "name": "flag-2-fill",
      "font_class": "flag-2-fill",
      "unicode": "e6d2",
      "unicode_decimal": 59090
    },
    {
      "icon_id": "17102780",
      "name": "flag-2-line",
      "font_class": "flag-2-line",
      "unicode": "e6d3",
      "unicode_decimal": 59091
    },
    {
      "icon_id": "17102806",
      "name": "mail-fill",
      "font_class": "mail-fill",
      "unicode": "e6da",
      "unicode_decimal": 59098
    },
    {
      "icon_id": "17102933",
      "name": "chat-history-line",
      "font_class": "chat-history-line",
      "unicode": "e6f6",
      "unicode_decimal": 59126
    },
    {
      "icon_id": "17102962",
      "name": "message-fill",
      "font_class": "message-fill",
      "unicode": "e6fc",
      "unicode_decimal": 59132
    },
    {
      "icon_id": "17102963",
      "name": "message-line",
      "font_class": "message-line",
      "unicode": "e6fd",
      "unicode_decimal": 59133
    },
    {
      "icon_id": "17102994",
      "name": "ball-pen-line",
      "font_class": "ball-pen-line",
      "unicode": "e701",
      "unicode_decimal": 59137
    },
    {
      "icon_id": "17103043",
      "name": "edit-line",
      "font_class": "edit-line",
      "unicode": "e70c",
      "unicode_decimal": 59148
    },
    {
      "icon_id": "17103045",
      "name": "edit-2-line",
      "font_class": "edit-2-line",
      "unicode": "e70d",
      "unicode_decimal": 59149
    },
    {
      "icon_id": "17103597",
      "name": "folder-3-line",
      "font_class": "folder-3-line",
      "unicode": "e77c",
      "unicode_decimal": 59260
    },
    {
      "icon_id": "17104075",
      "name": "vip-line",
      "font_class": "vip-line",
      "unicode": "e7bb",
      "unicode_decimal": 59323
    },
    {
      "icon_id": "17104376",
      "name": "wechat-2-line",
      "font_class": "wechat-2-line",
      "unicode": "e7e5",
      "unicode_decimal": 59365
    },
    {
      "icon_id": "17104471",
      "name": "map-pin-line",
      "font_class": "map-pin-line",
      "unicode": "e7ef",
      "unicode_decimal": 59375
    },
    {
      "icon_id": "17104473",
      "name": "map-pin-fill",
      "font_class": "map-pin-fill",
      "unicode": "e7f0",
      "unicode_decimal": 59376
    },
    {
      "icon_id": "17104475",
      "name": "navigation-line",
      "font_class": "navigation-line",
      "unicode": "e7f1",
      "unicode_decimal": 59377
    },
    {
      "icon_id": "17104478",
      "name": "navigation-fill",
      "font_class": "navigation-fill",
      "unicode": "e7f2",
      "unicode_decimal": 59378
    },
    {
      "icon_id": "17104508",
      "name": "restaurant-2-fill",
      "font_class": "restaurant-2-fill",
      "unicode": "e7f3",
      "unicode_decimal": 59379
    },
    {
      "icon_id": "17104513",
      "name": "road-map-line",
      "font_class": "road-map-line",
      "unicode": "e7f4",
      "unicode_decimal": 59380
    },
    {
      "icon_id": "17104517",
      "name": "restaurant-2-line",
      "font_class": "restaurant-2-line",
      "unicode": "e7f5",
      "unicode_decimal": 59381
    },
    {
      "icon_id": "17104564",
      "name": "walk-line",
      "font_class": "walk-line",
      "unicode": "e7fb",
      "unicode_decimal": 59387
    },
    {
      "icon_id": "17104884",
      "name": "add-line",
      "font_class": "add-line",
      "unicode": "e839",
      "unicode_decimal": 59449
    },
    {
      "icon_id": "17104947",
      "name": "check-fill",
      "font_class": "check-fill",
      "unicode": "e847",
      "unicode_decimal": 59463
    },
    {
      "icon_id": "17104950",
      "name": "checkbox-circle-line",
      "font_class": "checkbox-circle-line",
      "unicode": "e848",
      "unicode_decimal": 59464
    },
    {
      "icon_id": "17104952",
      "name": "checkbox-fill",
      "font_class": "checkbox-fill",
      "unicode": "e84b",
      "unicode_decimal": 59467
    },
    {
      "icon_id": "17104993",
      "name": "download-2-line",
      "font_class": "download-2-line",
      "unicode": "e858",
      "unicode_decimal": 59480
    },
    {
      "icon_id": "17104999",
      "name": "eye-line",
      "font_class": "eye-line",
      "unicode": "e859",
      "unicode_decimal": 59481
    },
    {
      "icon_id": "17105000",
      "name": "eye-close-line",
      "font_class": "eye-close-line",
      "unicode": "e85a",
      "unicode_decimal": 59482
    },
    {
      "icon_id": "17105043",
      "name": "lock-line",
      "font_class": "lock-line",
      "unicode": "e85f",
      "unicode_decimal": 59487
    },
    {
      "icon_id": "17105044",
      "name": "information-line",
      "font_class": "information-line",
      "unicode": "e860",
      "unicode_decimal": 59488
    },
    {
      "icon_id": "17105079",
      "name": "more-2-fill",
      "font_class": "more-2-fill",
      "unicode": "e868",
      "unicode_decimal": 59496
    },
    {
      "icon_id": "17105117",
      "name": "share-forward-fill",
      "font_class": "share-forward-fill",
      "unicode": "e874",
      "unicode_decimal": 59508
    },
    {
      "icon_id": "17105118",
      "name": "share-forward-line",
      "font_class": "share-forward-line",
      "unicode": "e875",
      "unicode_decimal": 59509
    },
    {
      "icon_id": "17105143",
      "name": "star-half-fill",
      "font_class": "star-half-fill",
      "unicode": "e880",
      "unicode_decimal": 59520
    },
    {
      "icon_id": "17105158",
      "name": "time-line",
      "font_class": "time-line",
      "unicode": "e881",
      "unicode_decimal": 59521
    },
    {
      "icon_id": "17105174",
      "name": "upload-fill",
      "font_class": "upload-fill",
      "unicode": "e882",
      "unicode_decimal": 59522
    },
    {
      "icon_id": "17105246",
      "name": "group-fill",
      "font_class": "group-fill",
      "unicode": "e883",
      "unicode_decimal": 59523
    },
    {
      "icon_id": "17105252",
      "name": "group-line",
      "font_class": "group-line",
      "unicode": "e884",
      "unicode_decimal": 59524
    },
    {
      "icon_id": "17104962",
      "name": "close-circle-line",
      "font_class": "close-circle-line",
      "unicode": "e84a",
      "unicode_decimal": 59466
    },
    {
      "icon_id": "17102563",
      "name": "home-3-line",
      "font_class": "home-3-line",
      "unicode": "e6b3",
      "unicode_decimal": 59059
    },
    {
      "icon_id": "17103580",
      "name": "file-text-line",
      "font_class": "file-text-line",
      "unicode": "e776",
      "unicode_decimal": 59254
    },
    {
      "icon_id": "17103669",
      "name": "task-line",
      "font_class": "task-line",
      "unicode": "e78f",
      "unicode_decimal": 59279
    },
    {
      "icon_id": "17104044",
      "name": "shopping-cart-line",
      "font_class": "shopping-cart-line",
      "unicode": "e7b7",
      "unicode_decimal": 59319
    },
    {
      "icon_id": "17104121",
      "name": "heart-fill",
      "font_class": "heart-fill",
      "unicode": "e7bf",
      "unicode_decimal": 59327
    },
    {
      "icon_id": "17104899",
      "name": "arrow-down-s-fill",
      "font_class": "arrow-down-s-fill",
      "unicode": "e83d",
      "unicode_decimal": 59453
    },
    {
      "icon_id": "17104954",
      "name": "checkbox-line",
      "font_class": "checkbox-line",
      "unicode": "e849",
      "unicode_decimal": 59465
    },
    {
      "icon_id": "17104976",
      "name": "delete-bin-5-fill",
      "font_class": "delete-bin-5-fill",
      "unicode": "e84e",
      "unicode_decimal": 59470
    },
    {
      "icon_id": "17104978",
      "name": "delete-bin-6-line",
      "font_class": "delete-bin-6-line",
      "unicode": "e84f",
      "unicode_decimal": 59471
    },
    {
      "icon_id": "17104990",
      "name": "error-warning-fill",
      "font_class": "error-warning-fill",
      "unicode": "e853",
      "unicode_decimal": 59475
    },
    {
      "icon_id": "17104991",
      "name": "error-warning-line",
      "font_class": "error-warning-line",
      "unicode": "e854",
      "unicode_decimal": 59476
    },
    {
      "icon_id": "17104992",
      "name": "external-link-line",
      "font_class": "external-link-line",
      "unicode": "e855",
      "unicode_decimal": 59477
    },
    {
      "icon_id": "17105005",
      "name": "download-line",
      "font_class": "download-line",
      "unicode": "e856",
      "unicode_decimal": 59478
    },
    {
      "icon_id": "17105098",
      "name": "search-line",
      "font_class": "search-line",
      "unicode": "e86e",
      "unicode_decimal": 59502
    },
    {
      "icon_id": "17105141",
      "name": "star-fill",
      "font_class": "star-fill1",
      "unicode": "e879",
      "unicode_decimal": 59513
    },
    {
      "icon_id": "17105146",
      "name": "thumb-up-line",
      "font_class": "thumb-up-line1",
      "unicode": "e87a",
      "unicode_decimal": 59514
    },
    {
      "icon_id": "17105151",
      "name": "thumb-down-fill",
      "font_class": "thumb-down-fill",
      "unicode": "e87b",
      "unicode_decimal": 59515
    },
    {
      "icon_id": "17105152",
      "name": "thumb-up-fill",
      "font_class": "thumb-up-fill",
      "unicode": "e87c",
      "unicode_decimal": 59516
    },
    {
      "icon_id": "17105155",
      "name": "thumb-down-line",
      "font_class": "thumb-down-line",
      "unicode": "e87d",
      "unicode_decimal": 59517
    },
    {
      "icon_id": "17105164",
      "name": "upload-2-fill",
      "font_class": "upload-2-fill",
      "unicode": "e87e",
      "unicode_decimal": 59518
    },
    {
      "icon_id": "24695651",
      "name": "store-3-line",
      "font_class": "store-3-line",
      "unicode": "e729",
      "unicode_decimal": 59177
    },
    {
      "icon_id": "24695798",
      "name": "mail-line",
      "font_class": "mail-line",
      "unicode": "e740",
      "unicode_decimal": 59200
    },
    {
      "icon_id": "24695820",
      "name": "pie-chart-line",
      "font_class": "pie-chart-line",
      "unicode": "e746",
      "unicode_decimal": 59206
    },
    {
      "icon_id": "24695835",
      "name": "reply-fill",
      "font_class": "reply-fill",
      "unicode": "e74b",
      "unicode_decimal": 59211
    },
    {
      "icon_id": "24695846",
      "name": "service-line",
      "font_class": "service-line",
      "unicode": "e74d",
      "unicode_decimal": 59213
    },
    {
      "icon_id": "24695950",
      "name": "add-fill",
      "font_class": "add-fill",
      "unicode": "e754",
      "unicode_decimal": 59220
    },
    {
      "icon_id": "24695955",
      "name": "add-circle-line",
      "font_class": "add-circle-line",
      "unicode": "e755",
      "unicode_decimal": 59221
    },
    {
      "icon_id": "24696005",
      "name": "arrow-down-s-line",
      "font_class": "arrow-down-s-line",
      "unicode": "e75e",
      "unicode_decimal": 59230
    },
    {
      "icon_id": "24696909",
      "name": "heart-line",
      "font_class": "heart-line",
      "unicode": "e8aa",
      "unicode_decimal": 59562
    },
    {
      "icon_id": "24696933",
      "name": "image-add-fill",
      "font_class": "image-add-fill",
      "unicode": "e8b3",
      "unicode_decimal": 59571
    },
    {
      "icon_id": "24697154",
      "name": "message-3-line",
      "font_class": "message-3-line",
      "unicode": "e915",
      "unicode_decimal": 59669
    },
    {
      "icon_id": "24697203",
      "name": "more-fill",
      "font_class": "more-fill",
      "unicode": "e927",
      "unicode_decimal": 59687
    },
    {
      "icon_id": "24697232",
      "name": "notification-4-line",
      "font_class": "notification-4-line",
      "unicode": "e93a",
      "unicode_decimal": 59706
    },
    {
      "icon_id": "24697392",
      "name": "question-line",
      "font_class": "question-line",
      "unicode": "e999",
      "unicode_decimal": 59801
    },
    {
      "icon_id": "24697538",
      "name": "settings-3-line",
      "font_class": "settings-3-line",
      "unicode": "e9fe",
      "unicode_decimal": 59902
    },
    {
      "icon_id": "24697691",
      "name": "star-fill",
      "font_class": "star-fill",
      "unicode": "ea65",
      "unicode_decimal": 60005
    },
    {
      "icon_id": "24697697",
      "name": "star-line",
      "font_class": "star-line",
      "unicode": "ea68",
      "unicode_decimal": 60008
    },
    {
      "icon_id": "24697814",
      "name": "thumb-up-line",
      "font_class": "thumb-up-line",
      "unicode": "eab8",
      "unicode_decimal": 60088
    },
    {
      "icon_id": "24697893",
      "name": "user-3-line",
      "font_class": "user-3-line",
      "unicode": "eae7",
      "unicode_decimal": 60135
    }
  ]
}
