{
  "id": "4934137",
  "name": "no name",
  "font_family": "iconfont",
  "css_prefix_text": "icon-",
  "description": "",
  "glyphs": [
    {
      "icon_id": "17104962",
      "name": "close-circle-line",
      "font_class": "close-circle-line",
      "unicode": "e84a",
      "unicode_decimal": 59466
    },
    {
      "icon_id": "17102563",
      "name": "home-3-line",
      "font_class": "home-3-line",
      "unicode": "e6b3",
      "unicode_decimal": 59059
    },
    {
      "icon_id": "17103580",
      "name": "file-text-line",
      "font_class": "file-text-line",
      "unicode": "e776",
      "unicode_decimal": 59254
    },
    {
      "icon_id": "17103669",
      "name": "task-line",
      "font_class": "task-line",
      "unicode": "e78f",
      "unicode_decimal": 59279
    },
    {
      "icon_id": "17104044",
      "name": "shopping-cart-line",
      "font_class": "shopping-cart-line",
      "unicode": "e7b7",
      "unicode_decimal": 59319
    },
    {
      "icon_id": "17104121",
      "name": "heart-fill",
      "font_class": "heart-fill",
      "unicode": "e7bf",
      "unicode_decimal": 59327
    },
    {
      "icon_id": "17104899",
      "name": "arrow-down-s-fill",
      "font_class": "arrow-down-s-fill",
      "unicode": "e83d",
      "unicode_decimal": 59453
    },
    {
      "icon_id": "17104954",
      "name": "checkbox-line",
      "font_class": "checkbox-line",
      "unicode": "e849",
      "unicode_decimal": 59465
    },
    {
      "icon_id": "17104976",
      "name": "delete-bin-5-fill",
      "font_class": "delete-bin-5-fill",
      "unicode": "e84e",
      "unicode_decimal": 59470
    },
    {
      "icon_id": "17104978",
      "name": "delete-bin-6-line",
      "font_class": "delete-bin-6-line",
      "unicode": "e84f",
      "unicode_decimal": 59471
    },
    {
      "icon_id": "17104990",
      "name": "error-warning-fill",
      "font_class": "error-warning-fill",
      "unicode": "e853",
      "unicode_decimal": 59475
    },
    {
      "icon_id": "17104991",
      "name": "error-warning-line",
      "font_class": "error-warning-line",
      "unicode": "e854",
      "unicode_decimal": 59476
    },
    {
      "icon_id": "17104992",
      "name": "external-link-line",
      "font_class": "external-link-line",
      "unicode": "e855",
      "unicode_decimal": 59477
    },
    {
      "icon_id": "17105005",
      "name": "download-line",
      "font_class": "download-line",
      "unicode": "e856",
      "unicode_decimal": 59478
    },
    {
      "icon_id": "17105098",
      "name": "search-line",
      "font_class": "search-line",
      "unicode": "e86e",
      "unicode_decimal": 59502
    },
    {
      "icon_id": "17105141",
      "name": "star-fill",
      "font_class": "star-fill1",
      "unicode": "e879",
      "unicode_decimal": 59513
    },
    {
      "icon_id": "17105146",
      "name": "thumb-up-line",
      "font_class": "thumb-up-line1",
      "unicode": "e87a",
      "unicode_decimal": 59514
    },
    {
      "icon_id": "17105151",
      "name": "thumb-down-fill",
      "font_class": "thumb-down-fill",
      "unicode": "e87b",
      "unicode_decimal": 59515
    },
    {
      "icon_id": "17105152",
      "name": "thumb-up-fill",
      "font_class": "thumb-up-fill",
      "unicode": "e87c",
      "unicode_decimal": 59516
    },
    {
      "icon_id": "17105155",
      "name": "thumb-down-line",
      "font_class": "thumb-down-line",
      "unicode": "e87d",
      "unicode_decimal": 59517
    },
    {
      "icon_id": "17105164",
      "name": "upload-2-fill",
      "font_class": "upload-2-fill",
      "unicode": "e87e",
      "unicode_decimal": 59518
    },
    {
      "icon_id": "24695651",
      "name": "store-3-line",
      "font_class": "store-3-line",
      "unicode": "e729",
      "unicode_decimal": 59177
    },
    {
      "icon_id": "24695798",
      "name": "mail-line",
      "font_class": "mail-line",
      "unicode": "e740",
      "unicode_decimal": 59200
    },
    {
      "icon_id": "24695820",
      "name": "pie-chart-line",
      "font_class": "pie-chart-line",
      "unicode": "e746",
      "unicode_decimal": 59206
    },
    {
      "icon_id": "24695835",
      "name": "reply-fill",
      "font_class": "reply-fill",
      "unicode": "e74b",
      "unicode_decimal": 59211
    },
    {
      "icon_id": "24695846",
      "name": "service-line",
      "font_class": "service-line",
      "unicode": "e74d",
      "unicode_decimal": 59213
    },
    {
      "icon_id": "24695950",
      "name": "add-fill",
      "font_class": "add-fill",
      "unicode": "e754",
      "unicode_decimal": 59220
    },
    {
      "icon_id": "24695955",
      "name": "add-circle-line",
      "font_class": "add-circle-line",
      "unicode": "e755",
      "unicode_decimal": 59221
    },
    {
      "icon_id": "24696005",
      "name": "arrow-down-s-line",
      "font_class": "arrow-down-s-line",
      "unicode": "e75e",
      "unicode_decimal": 59230
    },
    {
      "icon_id": "24696909",
      "name": "heart-line",
      "font_class": "heart-line",
      "unicode": "e8aa",
      "unicode_decimal": 59562
    },
    {
      "icon_id": "24696933",
      "name": "image-add-fill",
      "font_class": "image-add-fill",
      "unicode": "e8b3",
      "unicode_decimal": 59571
    },
    {
      "icon_id": "24697154",
      "name": "message-3-line",
      "font_class": "message-3-line",
      "unicode": "e915",
      "unicode_decimal": 59669
    },
    {
      "icon_id": "24697203",
      "name": "more-fill",
      "font_class": "more-fill",
      "unicode": "e927",
      "unicode_decimal": 59687
    },
    {
      "icon_id": "24697232",
      "name": "notification-4-line",
      "font_class": "notification-4-line",
      "unicode": "e93a",
      "unicode_decimal": 59706
    },
    {
      "icon_id": "24697392",
      "name": "question-line",
      "font_class": "question-line",
      "unicode": "e999",
      "unicode_decimal": 59801
    },
    {
      "icon_id": "24697538",
      "name": "settings-3-line",
      "font_class": "settings-3-line",
      "unicode": "e9fe",
      "unicode_decimal": 59902
    },
    {
      "icon_id": "24697691",
      "name": "star-fill",
      "font_class": "star-fill",
      "unicode": "ea65",
      "unicode_decimal": 60005
    },
    {
      "icon_id": "24697697",
      "name": "star-line",
      "font_class": "star-line",
      "unicode": "ea68",
      "unicode_decimal": 60008
    },
    {
      "icon_id": "24697814",
      "name": "thumb-up-line",
      "font_class": "thumb-up-line",
      "unicode": "eab8",
      "unicode_decimal": 60088
    },
    {
      "icon_id": "24697893",
      "name": "user-3-line",
      "font_class": "user-3-line",
      "unicode": "eae7",
      "unicode_decimal": 60135
    }
  ]
}
